{
  "input_shape": [
    12583,
    25
  ],
  "valid_ratios": 12583,
  "outliers": 1610,
  "quantiles": {
    "q1": 1.004023823143091,
    "q3": 1.27150127860588,
    "iqr": 0.267477455462789,
    "threshold": 1.6727174618000635
  }
}