{
  "graph": {
    "nodes": 160078,
    "edges": 398838,
    "lat_min": 39.4466532,
    "lat_max": 41.0454161,
    "lon_min": 115.4298552,
    "lon_max": 117.4975806
  },
  "data": {
    "lat_min": 39.465602,
    "lat_max": 40.689227,
    "lon_min": 115.7008667,
    "lon_max": 117.367502,
    "n_periods": 31603
  }
}