{
  "input_shape": [
    31603,
    25
  ],
  "valid_ratios": 31603,
  "outliers": 4548,
  "quantiles": {
    "q1": 20.0,
    "q3": 5788.500000000001,
    "iqr": 5768.500000000001,
    "threshold": 14441.250000000004
  }
}