{
  "mean": 146.22656256995634,
  "median": 19.0,
  "min": 1,
  "max": 29874,
  "std": 514.3890782509037,
  "count": 1005091
}