{
  "mean": 15.767864706712894,
  "median": 1.0,
  "min": 1,
  "max": 3457,
  "std": 81.75952007140553,
  "count": 63743
}