{
  "input_shape": [
    31603,
    25
  ],
  "valid_ratios": 31545,
  "outliers": 6696,
  "quantiles": {
    "q1": 0.7453571003100822,
    "q3": 36.0,
    "iqr": 35.25464289968992,
    "threshold": 88.88196434953488
  }
}