{
  "graph": {
    "nodes": 160078,
    "edges": 398838,
    "lat_min": 39.4466532,
    "lat_max": 41.0454161,
    "lon_min": 115.4298552,
    "lon_max": 117.4975806
  },
  "data": {
    "lat_min": 39.4964,
    "lat_max": 40.5817833,
    "lon_min": 115.7008667,
    "lon_max": 117.286933,
    "n_periods": 12457
  }
}