{
  "input_shape": [
    12457,
    25
  ],
  "valid_ratios": 12457,
  "outliers": 1603,
  "quantiles": {
    "q1": 1.0054795202100129,
    "q3": 1.2760921432451706,
    "iqr": 0.27061262303515776,
    "threshold": 1.6820110777979074
  }
}