{
  "mean": 16.377361755683157,
  "median": 1.0,
  "min": 1,
  "max": 4045,
  "std": 81.52456245003037,
  "count": 63565
}