{
  "mean": 141.2704675287,
  "median": 19.0,
  "min": 1,
  "max": 29798,
  "std": 487.00702981911326,
  "count": 1041027
}