{
  "input_shape": [
    12642951,
    21
  ],
  "valid_ratios": 5460,
  "outliers": 438,
  "quantiles": {
    "q1": 0.40496778913231996,
    "q3": 1.7728376916460769,
    "iqr": 1.3678699025137568,
    "threshold": 3.824642545416712
  }
}